id,oldest_patch_commit,commit_date,vulnerable_commit,build,jdk_version
SECURITY-3135,3059161906e63eb3be7a9f7115a70437818b9116,2023-09-08 23:50:15,30540d76d308bb8b16dfe33b2731c33900d263fd,True,openjdk-21
SECURITY-3073,f06bb8820115996397a2e0010b003ecbf0570865,2023-09-06 07:17:31,df7c4ccda8976c06bf31b8fb9938f26fc38501ca,True,openjdk-21
SECURITY-3072,df7c4ccda8976c06bf31b8fb9938f26fc38501ca,2023-09-06 07:17:25,4bf648811f328961627f484349d40420d169cdd0,True,openjdk-21
SECURITY-3245,4bf648811f328961627f484349d40420d169cdd0,2023-09-06 07:17:19,b8ac8cd4c51511b9f844846ba80a8aed054288c5,True,openjdk-21
SECURITY-3261,b8ac8cd4c51511b9f844846ba80a8aed054288c5,2023-09-06 07:17:14,c3ebd9dc706897c281036671eed6851390f85ade,True,openjdk-21
SECURITY-3188,1b9f1ccdbb7d00705b036d1332908fe52c2cd7ae,2023-07-13 03:24:44,69202c5f3ba973de9176b1e2537f5ee06c4c202b,True,openjdk-21
SECURITY-3058,554587b06db553ce35fa362d7a0b0aef33a57afb,2023-02-23 02:59:19,d034626fd5290565f130f98adccd7ca519a2d10d,True,openjdk-19
SECURITY-2399,d034626fd5290565f130f98adccd7ca519a2d10d,2023-02-23 02:59:13,59ac866d9946d7c296023da0ea78baafd4cf71eb,True,openjdk-19
SECURITY-3037,59ac866d9946d7c296023da0ea78baafd4cf71eb,2023-02-23 02:59:06,b70f4cb5892bd6059a45b5f156f019ce572adb08,True,openjdk-19
SECURITY-3030,b70f4cb5892bd6059a45b5f156f019ce572adb08,2023-02-23 02:59:00,f39c11fa27b14923260c4c9b896f0f373e2a0a17,True,openjdk-19
SECURITY-2823,f39c11fa27b14923260c4c9b896f0f373e2a0a17,2023-02-23 02:58:53,40663588eea4ac953209bd8845b6b880792f92cc,True,openjdk-19
SECURITY-2120,40663588eea4ac953209bd8845b6b880792f92cc,2023-02-23 02:58:46,80452662b31ac6c9f4418cffae1af6af4daf479a,True,openjdk-19
SECURITY-1807,80452662b31ac6c9f4418cffae1af6af4daf479a,2023-02-23 02:58:40,a3f31145e621ab0072bb872ecac93a2c6cbcbaae,True,openjdk-19
SECURITY-2886,84f41d2921023374dedb7d6f12d47eaf7790b7eb,2022-09-21 02:33:46,6c69fa227cf95c8e6f406436bd2e6ea5896729d2,True,openjdk-17
SECURITY-2776,49c4cda2d41719d66a4eb4d6f9c31ba8298f2fbf,2022-06-08 23:46:29,37bd66a43ad561f670db7440f493d69518741d27,True,openjdk-17
SECURITY-2777,37bd66a43ad561f670db7440f493d69518741d27,2022-06-08 23:46:23,f71495a63f8b861e8ca3a5fcf5cc931fce55bc57,True,openjdk-17
SECURITY-2779,f71495a63f8b861e8ca3a5fcf5cc931fce55bc57,2022-06-08 23:46:16,8080ec48b864f0b363f79b46a70e55595efedcab,True,openjdk-17
SECURITY-2761,8080ec48b864f0b363f79b46a70e55595efedcab,2022-06-08 23:46:09,957ef5902f2e40b6358e6d10f12b26f9dbd2f75a,True,openjdk-17
SECURITY-2566,957ef5902f2e40b6358e6d10f12b26f9dbd2f75a,2022-06-08 23:46:02,74abec8b56fcc8812fecf8e42d2834f82723cb3f,True,openjdk-17
SECURITY-2602,8276aef4cc3dd81810fe6bdf6fa48141632c4636,2022-02-03 19:53:50,59ab7d299c87ab26afc2ab315686998f20f7b983,True,openjdk-11
SECURITY-2558,b5c3764681f3b4ce83d0e78f6a9327925640d57e,2021-12-21 08:22:36,13a16a623879b25a5f87ec7fc458685893745b1f,True,openjdk-11
SECURITY-2455,63cde2daadc705edf086f2213b48c8c547f98358,2021-10-25 08:52:24,87a500add073b0ca2f4d9ce3f2ea1be3a21ce721,True,openjdk-11
SECURITY-2428,cf388d2a04e6016d23eb93fa3cc804f2554b98f0,2021-10-25 08:51:54,93451e20c20cfd84badeb0f37c38d4c0c7a5dad3,True,openjdk-11
SECURITY-2458,87a500add073b0ca2f4d9ce3f2ea1be3a21ce721,2021-10-25 08:52:13,fa9ea93b610359a9efe4c61b743f00360d1462cb,True,openjdk-11
SECURITY-2510,fa9ea93b610359a9efe4c61b743f00360d1462cb,2021-10-25 08:52:04,cf388d2a04e6016d23eb93fa3cc804f2554b98f0,True,openjdk-11
SECURITY-2423,93451e20c20cfd84badeb0f37c38d4c0c7a5dad3,2021-10-25 08:51:45,71b05927206b78009555698866ac4bdd9d742efe,True,openjdk-11
SECURITY-2481,3f679fc12d073676a4441d3fa8b5fff34c07662f,2021-09-22 12:15:38,c2c2b59071265aea07f88d5e95297c0a433921c3,True,openjdk-11
SECURITY-2424,c2c2b59071265aea07f88d5e95297c0a433921c3,2021-09-22 12:15:26,2e7b3a4c025b3dfb6398e84a93622848e5104363,True,openjdk-11
SECURITY-2452,2e7b3a4c025b3dfb6398e84a93622848e5104363,2021-09-22 12:15:18,96f1d88155fad0c1bf5417c84200d5ab0d97edff,True,openjdk-11
SECURITY-2475,96f1d88155fad0c1bf5417c84200d5ab0d97edff,2021-09-22 12:15:10,0681338f8df79e997004ec80fa9beb5ccb4dfcf0,True,openjdk-11
SECURITY-2371,25a42f3942fd9f8bd768c887c679dbc796b4fcd5,2021-06-16 15:14:11,13a4a94095f11b4edb44d9ba1173aa33e856a54f,True,openjdk-11
SECURITY-2278,86b7d7e789586575522650c60d591605facb1d70,2021-06-16 15:14:21,25a42f3942fd9f8bd768c887c679dbc796b4fcd5,True,openjdk-11
SECURITY-1097,95e3a305daedd675990c12c03586d195d0deb233,2021-03-30 17:41:15,42e2c74049ddf5e0aca1fe6aadc7b24fdabb5494,True,openjdk-11
SECURITY-1871,42e2c74049ddf5e0aca1fe6aadc7b24fdabb5494,2021-03-30 17:41:15,84210baed0c866bdee3e59271f98a767a14a5509,True,openjdk-11
SECURITY-1721,84210baed0c866bdee3e59271f98a767a14a5509,2021-03-30 17:41:15,54cb9f284f410b0b55882f1b0204444f6ef33d78,True,openjdk-11
SECURITY-1452,71d2ecf1a4e5303e80815eaa3935c4f2fa3d9104,2021-01-11 11:53:00,f576b2eb4375f2bb076ce477cee27a946b65f22a,True,openjdk-11
SECURITY-2023,f576b2eb4375f2bb076ce477cee27a946b65f22a,2021-01-11 11:52:50,8c451b08886561a914ef0c30cbb9d40ea33a9bbe,True,openjdk-11
SECURITY-2035,8c451b08886561a914ef0c30cbb9d40ea33a9bbe,2021-01-11 11:52:40,b1ca2849660798fd0f7fe8fda8e372cfb2ded621,True,openjdk-11
SECURITY-2147,b1ca2849660798fd0f7fe8fda8e372cfb2ded621,2021-01-11 11:52:29,ea302e1f437a79ae0e417b330acbb66b609408ff,True,openjdk-11
SECURITY-1986,ea302e1f437a79ae0e417b330acbb66b609408ff,2021-01-11 11:52:18,89ec0c40b68cd1e4e9f9ef5ebcafd87e7fa16589,True,openjdk-11
SECURITY-2153,89ec0c40b68cd1e4e9f9ef5ebcafd87e7fa16589,2021-01-11 11:52:07,b19b34db4b24b163d4edc53ccb84f41a3589cb08,True,openjdk-11
SECURITY-2021,b19b34db4b24b163d4edc53ccb84f41a3589cb08,2021-01-11 11:51:55,a1283377a503c1a269578ef6f5fb7ff7dcc337b5,True,openjdk-11
SECURITY-1893,a1283377a503c1a269578ef6f5fb7ff7dcc337b5,2021-01-11 11:51:45,f1056bd814fc1f19ea241a101d649b8c143807e7,True,openjdk-11
SECURITY-1923,f1056bd814fc1f19ea241a101d649b8c143807e7,2021-01-11 11:51:35,f5d98421604e44f398e7de9d222b191a705608af,True,openjdk-11
SECURITY-1889,f5d98421604e44f398e7de9d222b191a705608af,2021-01-11 11:51:25,fe9091fc74d55a56fd36544f3038d47c8cb331a4,True,openjdk-11
SECURITY-2047,fe9091fc74d55a56fd36544f3038d47c8cb331a4,2021-01-11 11:51:09,a890d68699ad6ca0c8fbc297a1d4b7ebf23f384b,True,openjdk-11
SECURITY-2025,a890d68699ad6ca0c8fbc297a1d4b7ebf23f384b,2021-01-11 11:50:58,03c8d8628e81310e635911aa573aa839cb09fe02,True,openjdk-11
SECURITY-1955,fe4cbe03804d6240d0b58d0b2301ea9530a34916,2020-07-29 05:14:18,31a3e637605dd37ae6379a8bdd5050fc8658e269,True,openjdk-8
SECURITY-1960,29c9a8fdeafe26fded955cfba188f50fd4f1786a,2020-07-29 04:54:36,e49f690939596acbc9a1be64128b2c7eaf91a6db,False,
SECURITY-1957,e49f690939596acbc9a1be64128b2c7eaf91a6db,2020-07-29 04:53:58,11f4a351224ef04cfeb9c7636fb1590b67543f3c,False,
SECURITY-1945,11f4a351224ef04cfeb9c7636fb1590b67543f3c,2020-07-06 10:34:02,e7443ef2ef255253231f3f1db0034fae39f0cba5,False,
SECURITY-1902,e7443ef2ef255253231f3f1db0034fae39f0cba5,2020-06-30 10:56:54,f6e575381bdba85afaf27c529d7298091f226e49,False,
SECURITY-1901,f6e575381bdba85afaf27c529d7298091f226e49,2020-06-30 10:56:24,b43531acee280dedc3ea454a2fc5a1a42990ddda,False,
SECURITY-1868,b43531acee280dedc3ea454a2fc5a1a42990ddda,2020-06-30 10:55:16,f6b7d981392882e48d8d2c6d43ba590e68e99d10,False,
SECURITY-1929,d4690b20f9dc170f7657c6b36df2c0d48a217ebe,2020-06-22 17:27:26,461c3106224ba436ca12ab3fcc158369362c33f2,True,openjdk-11
SECURITY-1929,d4690b20f9dc170f7657c6b36df2c0d48a217ebe,2020-06-22 17:27:26,ac2b8f469522f7f94cf1501413aa18ebf13cf894,True,openjdk-11
SECURITY-1754,67ae2a841cc786dbc8cbfe8cfc5b374e9ef9ed7c,2020-03-09 13:00:59,4767a3bf9990779445b3a34aeb8330b93a1a3340,True,openjdk-8
SECURITY-1774,f479652171f4ab854747de64b22bf59adb35fb8f,2020-03-11 03:12:56,c2d22b241eba718c62996e2ceeb5f2e0e9787f81,False,
SECURITY-1793,c2d22b241eba718c62996e2ceeb5f2e0e9787f81,2020-03-11 03:11:03,dbff6fdcf8c4bc00729ace66c33208ae7aa18ac0,False,
SECURITY-1781,dbff6fdcf8c4bc00729ace66c33208ae7aa18ac0,2020-03-11 02:57:14,a61d6a16dac524745a282b2f27ce54bc3b5c53a6,False,
SECURITY-1796,a61d6a16dac524745a282b2f27ce54bc3b5c53a6,2020-03-11 02:56:50,c440a7f59c156125713c773aa28008bea70af1d5,False,
SECURITY-626,772152315aa0a9ba27b812a4ba0f3f9b64af78d9,2019-07-02 14:58:18,18fc7c0b466553cbd4f790db3270964305bee7f9,False,
SECURITY-1659,0ba36508187ff771bba87feaf03057496775064c,2020-01-14 07:04:05,77f36f37f5e3cabd0e4ece16d46d7943454ed15b,False,
SECURITY-1695,77f36f37f5e3cabd0e4ece16d46d7943454ed15b,2020-01-14 06:21:45,5054bc6e12e1022993d719f66e289ab1d22ae854,False,
SECURITY-1682,5054bc6e12e1022993d719f66e289ab1d22ae854,2020-01-14 06:16:59,6f35dbb939ebe947bdb1979010b208480f1d0e31,False,
SECURITY-1660,6f35dbb939ebe947bdb1979010b208480f1d0e31,2020-01-14 06:15:51,7d44836fad0f49341ae2a61de06dbb556014a2df,False,
SECURITY-1650,7d44836fad0f49341ae2a61de06dbb556014a2df,2020-01-14 06:08:50,639ade55caa05324c60d15b2fa8df27ee0111b76,False,
SECURITY-1704,639ade55caa05324c60d15b2fa8df27ee0111b76,2020-01-14 06:08:10,cd28a6d9347228b03da0e45653e23032342c2a36,False,
SECURITY-1641,cd28a6d9347228b03da0e45653e23032342c2a36,2020-01-14 06:06:40,c0d3c041b4e5908be65bafcc98bdfaf855d053a0,False,
SECURITY-1291,c0d3c041b4e5908be65bafcc98bdfaf855d053a0,2020-01-14 05:41:23,b1432e31b864f87c363cc7f5e6a8cada046b77e4,False,
SECURITY-1605,2ac61e59fa97f48cbcf2898a75d2017cb58f8724,2019-12-20 05:17:56,7ab6d8e5751bd479e72246ecee9e56f684d87ef9,False,
SECURITY-1471,e2c596c049e5e09e7254ff000802709c2e01af2a,2019-09-10 15:31:40,00064be3661e687da7215523a3ed9a37a85f51a3,False,
SECURITY-1525,00064be3661e687da7215523a3ed9a37a85f51a3,2019-09-10 15:27:35,df600eb7a28dea189c41037398fd36fcea36302e,False,
SECURITY-1498,df600eb7a28dea189c41037398fd36fcea36302e,2019-09-10 14:31:20,8c8d0143309667bcada8ebc36e40dab4c65c6eb2,False,
SECURITY-1537,8c8d0143309667bcada8ebc36e40dab4c65c6eb2,2019-09-10 14:30:30,560ee832b41814660c5632ea36ad1a1c977177bf,False,
SECURITY-1505,560ee832b41814660c5632ea36ad1a1c977177bf,2019-09-10 14:27:47,ace5965b45ba77665e4dd168314665df63527a62,False,
SECURITY-1453,fb88530f77d38660ab2aae8c2e842944f0fb1507,2019-08-13 06:36:27,14fecd0b6a32b63b7283baa62ab21748fcd70ca9,False,
SECURITY-1491,ace5965b45ba77665e4dd168314665df63527a62,2019-08-13 07:30:21,fb88530f77d38660ab2aae8c2e842944f0fb1507,False,
SECURITY-534,279d8109eddb7a494428baf25af9756c2e33576b,2019-07-02 14:27:48,607eb49e3a0c57922381223933131bb0da897809,False,
SECURITY-1424,18fc7c0b466553cbd4f790db3270964305bee7f9,2019-07-02 14:47:11,279d8109eddb7a494428baf25af9756c2e33576b,False,
SECURITY-521,1f290ff1d0f13dbf8efcfcb603d54a11a98add24,2019-05-22 01:31:14,d464ce789e2aee7014906d8a8c3e053a0feb9db6,True,openjdk-8
SECURITY-901,8c490d14c4ffe6162f6e97d25a66612330fe2ace,2019-01-03 11:03:00,76e0e69e91b85dd72f8fac53d547dcdc4ff1d90c,False,
SECURITY-904,c19cc705688cfffa4fe735e0edbe84862b6c135f,2018-11-21 07:41:15,82f55553ca56b8f58294705c969bbaf275fe63b2,False,
SECURITY-1289,0eeaa087aac192fb39f52928be5a5bbf16627ea6,2019-03-27 10:07:10,8eb632dda219ec8796420ce58d9564cddf8f8f93,False,
SECURITY-1327,8eb632dda219ec8796420ce58d9564cddf8f8f93,2019-03-26 16:00:48,da135e7ecb72469c17a47640314e424e314269b0,False,
SECURITY-1245,d9b920183e5038071b49dcf98250669405a319d0,2019-03-25 15:07:52,279b9616fc14fe5ae28df03747d84911ab77eb7d,False,
SECURITY-1158,517da6ed389f0a606dd9bb8595bc79fc93f4331c,2018-09-27 05:12:53,fa9fac9f73c100d40c91989d3ab2d18d04289641,False,
SECURITY-996,ef9583a24abc4de157e1570cb32d7a273d327f36,2018-07-31 18:58:04,e5046911c57e60a1d6d8aca9b21bd9093b0f3763,False,
SECURITY-925,f46842c7a2c916170ac457a039a2f7f019afd885,2018-06-19 15:16:40,af9e11c9941487f69ec1a95c65958fc208064e7a,False,
SECURITY-897,5f4d014b3b7f89e206c6c8509540ed559f604959,2018-06-19 15:03:08,5cf0a77d44310523b763698f67d645c1f2427f30,False,
SECURITY-891,af9e11c9941487f69ec1a95c65958fc208064e7a,2018-06-19 15:15:47,29ca81dd59c255ad633f1bd86cf1be40a5f02c64,False,
SECURITY-868,7b4649657f90e98a5564cf5f0892deaa5fee0454,2019-03-25 14:12:24,c14a0edd794fc3579a9872826fee5f806a77ca69,False,
SECURITY-595,47f38d714c99e1841fb737ad1005618eb26ed852,2018-11-21 09:09:49,73afa0ca786a87f05b5433e2e38f863826fcad17,False,
SECURITY-1072,4ed66e5838476e575a83c3cd13fffb37eefa2f48,2018-11-21 07:46:31,c19cc705688cfffa4fe735e0edbe84862b6c135f,False,
SECURITY-1193,73afa0ca786a87f05b5433e2e38f863826fcad17,2018-11-21 07:47:24,4ed66e5838476e575a83c3cd13fffb37eefa2f48,False,
SECURITY-218,b430d6d457c0a33627ca76de01b481db7236362b,2015-11-07 17:00:46,a03c8b076385b15c80ae7ef0ed5c93258649cce1,False,
SECURITY-1162,58fecdcdefa2ef2e9abb2e08d9d7c7a6b7d2027f,2018-09-27 05:01:55,909781ca14cd8883008e7d4381232ec2d76e82e7,False,
SECURITY-765,7366cc50106442a021c5178cd101057ecc08f2c2,2018-09-27 05:34:02,fd5f5be0304c6bf1918892b81e2efb6b6d09c521,False,
SECURITY-896,832144e32297fea7734a44bd2064f6ddd4562874,2018-07-31 18:58:46,ef9583a24abc4de157e1570cb32d7a273d327f36,False,
SECURITY-1114,ba33bd67cdaef87aba8a4e95dca8dcf108a7d73f,2018-09-27 05:38:33,41f74e2a82e95d66f6723da81dfacd376a564764,False,
SECURITY-857,41f74e2a82e95d66f6723da81dfacd376a564764,2018-09-27 05:37:29,7366cc50106442a021c5178cd101057ecc08f2c2,False,
SECURITY-867,fd5f5be0304c6bf1918892b81e2efb6b6d09c521,2018-09-27 05:32:50,c3351d2e7c3edfee82b9470e9aa1168982296072,False,
SECURITY-1074,c3351d2e7c3edfee82b9470e9aa1168982296072,2018-09-27 05:31:06,01157a699f611ca7492e872103ac01526a982cf2,False,
SECURITY-1128,01157a699f611ca7492e872103ac01526a982cf2,2018-09-27 05:18:42,df87e12ddcfeafdba6e0de0e07b3e21f8473ece6,False,
SECURITY-1129,df87e12ddcfeafdba6e0de0e07b3e21f8473ece6,2018-09-27 05:15:28,517da6ed389f0a606dd9bb8595bc79fc93f4331c,False,
SECURITY-1071,6867e4469525d16319b1bae9c840b933fe4e23c4,2018-08-01 19:34:28,727d58f690abf64f543407e1de3545eca76ad30e,False,
SECURITY-637,727d58f690abf64f543407e1de3545eca76ad30e,2018-08-01 12:19:32,832144e32297fea7734a44bd2064f6ddd4562874,False,
SECURITY-790,e5046911c57e60a1d6d8aca9b21bd9093b0f3763,2018-07-31 18:56:12,8697bdff0342421e22230028d84aaa265719e86c,False,
SECURITY-944,8697bdff0342421e22230028d84aaa265719e86c,2018-06-19 15:17:07,f46842c7a2c916170ac457a039a2f7f019afd885,False,
SECURITY-914,29ca81dd59c255ad633f1bd86cf1be40a5f02c64,2018-06-19 15:06:23,40250f08aca7f3f8816f21870ee23463a52ef2f2,False,
SECURITY-892,40250f08aca7f3f8816f21870ee23463a52ef2f2,2018-06-19 15:03:56,5f4d014b3b7f89e206c6c8509540ed559f604959,False,
SECURITY-788,5cf0a77d44310523b763698f67d645c1f2427f30,2018-04-25 17:42:19,7c5b41bfd5d8004f82684a9168dd627e20ea5f35,False,
SECURITY-771,809916b59b7c7678dc3c1c76338452121fed1424,2018-04-25 17:40:33,de7aaab441151fb1760855fec83681c6a8756a45,False,
SECURITY-786,de7aaab441151fb1760855fec83681c6a8756a45,2018-04-25 17:39:43,6eea1e97840b5623829b2c1fd2e363c045bdc230,False,
SECURITY-794,6eea1e97840b5623829b2c1fd2e363c045bdc230,2018-04-25 17:37:50,7abc71338b5b3803bdb89ae32407928912faed88,False,
SECURITY-754,69a784bb8d2c5a021d225eda2d392fb081c1169e,2018-03-28 16:57:18,07d18cfd6d336a2b7cc0a78e120d9739a5d4e1d1,False,
SECURITY-759,07d18cfd6d336a2b7cc0a78e120d9739a5d4e1d1,2018-03-28 16:56:07,9de62915807deab61d6e780eed660428f9889b51,False,
SECURITY-705,eb03a42078f29dbed3742b8740c95e02890e4545,2018-01-30 12:16:42,2d16b459205730d85e51499c2457109b234ca9d9,False,
SECURITY-717,8830d68f5fe21f344be3496984bc4470bfcd0564,2018-02-08 09:37:47,38249b561b61564830dcfe937351e54d53f5d394,False,
SECURITY-624,38249b561b61564830dcfe937351e54d53f5d394,2018-01-30 12:18:09,eb03a42078f29dbed3742b8740c95e02890e4545,False,
SECURITY-506,2d16b459205730d85e51499c2457109b234ca9d9,2018-01-30 12:15:48,ccc374a7176d7704941fb494589790b7673efe2e,False,
SECURITY-247,18cc8e0eb7d8c9910ce8ce2a9c8dab4c4df8b9c2,2016-02-03 17:25:29,536c01bfca9bf9b2482bcfb23942567777fd653f,False,
SECURITY-667,ccc374a7176d7704941fb494589790b7673efe2e,2017-12-13 12:59:04,f67068170b55633571e5462e52b6124b23d7cb84,False,
SECURITY-641,f67068170b55633571e5462e52b6124b23d7cb84,2017-10-24 12:01:03,566a8ddb885f0bef9bc848e60455c0aabbf0c1d3,False,
SECURITY-499,566a8ddb885f0bef9bc848e60455c0aabbf0c1d3,2017-10-19 12:14:51,ea981a029cb985b71f3a0dc0f9ce3b3e3e6c001b,False,
SECURITY-490,ea981a029cb985b71f3a0dc0f9ce3b3e3e6c001b,2017-09-29 09:41:00,fe77d1c3dbf91ddf2a9f8e5ed882611455ab00d0,False,
SECURITY-555,fe77d1c3dbf91ddf2a9f8e5ed882611455ab00d0,2017-09-29 09:39:32,67f68c181033cbabf2075769e0f846f58c226c08,False,
SECURITY-478,d7ea3f40efedd50541a57b943d5f7bbed046d091,2017-09-13 09:30:56,1b9034669a691462d58b7a0d120d6bfb8514aa6d,False,
SECURITY-618,3ff432ace14d8f4544c88a179a2f7a962eb98ba6,2017-09-28 10:15:59,b2083a387a5bdb6f7ee7f7c81a1f6312aca2a558,False,
SECURITY-617,b2083a387a5bdb6f7ee7f7c81a1f6312aca2a558,2017-09-28 10:15:40,da06fd471cea79123821c778228eeb08e1cedcc7,False,
SECURITY-611,da06fd471cea79123821c778228eeb08e1cedcc7,2017-09-28 10:15:14,09d60462b9edf775f08568601bb3e2cfd8075368,False,
SECURITY-616,09d60462b9edf775f08568601bb3e2cfd8075368,2017-09-22 09:35:52,d7ea3f40efedd50541a57b943d5f7bbed046d091,False,
SECURITY-514,7b1f8e96a8d97dd09e5e093fcdb010b3295acc77,2017-09-07 16:32:10,61781a6d4dfa7d829cc194d3fb7e50972ac150de,False,
SECURITY-144,1fc3edbd5824b6ae650bb94d212e2d2ddc245c36,2014-09-08 07:36:50,c93635b9e9326586778300e5cbc13c93252e960e,False,
SECURITY-420,eeb699ed8c2ce937f2b836692b36a98da7bb5622,2017-04-13 13:32:35,4fe9454cb17d51f02a66a88ec90588eccb9b9136,False,
SECURITY-503,701ea95a52afe53bee28f76a3f96eb0e578852e9,2017-04-16 16:27:20,d5dd69bee210e0073ce8fa880ae5ab7829cb7bdb,False,
SECURITY-412,23f4809e6c10a221e9d67f2e841536845387b42d,2017-04-13 13:32:35,eeb699ed8c2ce937f2b836692b36a98da7bb5622,False,
SECURITY-415,73282957a11b0c79321b6ec18fcc35cf101b5ef1,2017-04-13 13:32:35,ae402ba139df82f3d105b9e070444f1849543fce,False,
SECURITY-419,ae402ba139df82f3d105b9e070444f1849543fce,2017-04-13 13:32:35,e0001e679beaf963cd4ae0ca68b4b073af9aa533,False,
SECURITY-418,e0001e679beaf963cd4ae0ca68b4b073af9aa533,2017-04-13 13:32:35,40117acdc686387d694cb9bec3ce9454c3f93f59,False,
SECURITY-417,40117acdc686387d694cb9bec3ce9454c3f93f59,2017-04-13 13:32:35,89be3bd785f3997f16a6d540d1f7c28f0424fde8,False,
SECURITY-416,89be3bd785f3997f16a6d540d1f7c28f0424fde8,2017-04-13 13:32:35,7975ab320e5dadb2f710b832f4caeae4a9a85b4f,False,
SECURITY-413,3e1f02b5c3ff5d8a373f7a6c81d7c024d3a71956,2017-04-13 13:32:35,3c5e5ca63d9a1ac1c4087682dc0d426625eafed8,False,
SECURITY-429,36b8285a41eb28333549e8d851f81fd80a184076,2017-04-13 13:31:56,f237601afd750a0eaaf961e8120b08de238f2c3f,False,
SECURITY-466,02d24053bdfeb219d2387a19885a60bdab510479,2017-04-13 13:29:56,20b0a131446fc0d3edd08ba0889a55334020b169,False,
SECURITY-382,f72bcaca0dd14312092a0bcbdd8e4792d6e56d44,2016-12-14 17:45:35,ce8a2d51a5ee9ca12d0a75659b06161888e0a1bf,False,
SECURITY-406,4036ca2fa00d204caffd58f030a9c1cf3bd2801a,2017-01-23 14:51:24,0a11e21d14cb9f5aa1d97e158619db47db4cb971,False,
SECURITY-304,e6aa166246d1734f4798a9e31f78842f4c85c28b,2017-01-23 12:55:54,b0ed9669bc00dbccf1be6896bb527b4cf2e7687d,False,
SECURITY-392,b0ed9669bc00dbccf1be6896bb527b4cf2e7687d,2017-01-23 12:55:54,a814154695e23dc37542af7d40cacc129cf70722,False,
SECURITY-383,a814154695e23dc37542af7d40cacc129cf70722,2017-01-23 12:55:54,92964da7b22b0cbb57734b9929f5be8293609c0d,False,
SECURITY-349,92964da7b22b0cbb57734b9929f5be8293609c0d,2017-01-23 12:55:54,3cd946cbef82c6da5ccccf3890d0ae4e091c4265,False,
SECURITY-362,3cd946cbef82c6da5ccccf3890d0ae4e091c4265,2017-01-23 12:55:54,15128c602e5df354f13c155308a51fdcca24ec50,False,
SECURITY-376,a572450f039fdb99410fcf6eb0ba307bd69ea458,2016-12-21 16:21:38,767a919b5d8b2baaf9e8b42a177e04b8f45680b5,False,
SECURITY-358,37419d5de23b7e4732c409daa637d899bd6c7052,2016-12-09 10:06:35,ce8a2d51a5ee9ca12d0a75659b06161888e0a1bf,False,
SECURITY-388,7ae469770fd10c79bebc07511cd0ab1cafd33292,2017-01-06 14:26:57,13905d8224899ba7332fe9af4e330ea96a2ae319,False,
SECURITY-389,9ce5405a9197aa868bacd53b1c26ab8719764f70,2017-01-06 14:50:12,13905d8224899ba7332fe9af4e330ea96a2ae319,False,
SECURITY-385,246a0fa90a05b729eaabca6d697016015f622e57,2017-01-02 18:02:59,ce8a2d51a5ee9ca12d0a75659b06161888e0a1bf,False,
SECURITY-321,d4f7fb1896f3b6a38eabb776e396a8c844c68adc,2016-12-09 17:18:33,ce8a2d51a5ee9ca12d0a75659b06161888e0a1bf,False,
SECURITY-343,c19a56d214d46f89d9c6b78dc833a5b019581654,2016-11-17 13:56:36,ce8a2d51a5ee9ca12d0a75659b06161888e0a1bf,False,
SECURITY-353,336751615c5603d8fa2d997d76c923854e2315cf,2016-12-21 17:04:10,767a919b5d8b2baaf9e8b42a177e04b8f45680b5,False,
SECURITY-354,578298e70d43169bada0ea9f44137b61e5eb7c5a,2016-11-21 16:20:38,ce8a2d51a5ee9ca12d0a75659b06161888e0a1bf,False,
SECURITY-371,8126525582cb199a4dd6c520f868d747f5398577,2016-12-16 13:36:47,ce8a2d51a5ee9ca12d0a75659b06161888e0a1bf,False,
SECURITY-380,8de0056065b718efb9943394fab4616ea72fadf5,2016-12-07 15:48:38,e2a70ddff0a5d267a57d45b734d227319273c652,False,
SECURITY-360,fde9c42fe05ac925a904b6c09a81d497d0e6ccea,2016-11-11 16:02:24,cfc9491e297687b2f721f3e6c60ede613cea13d3,False,
SECURITY-170,57a82505f4dc5de97c57ad1f340561ad9f0159c5,2016-02-03 03:22:07,536c01bfca9bf9b2482bcfb23942567777fd653f,False,
SECURITY-266,82b42359797e42fa4b2428d5e390e7ce91b74998,2016-04-19 17:44:31,d6bcfdac70bf8b1a8004420f8ce9b7b30ced7159,False,
SECURITY-243,f4172ebb56ea29b2d2156145edff0d3660891fbf,2016-04-20 13:53:21,d6bcfdac70bf8b1a8004420f8ce9b7b30ced7159,False,
SECURITY-276,2ed0c046dfbb2003a17df27c53777e72c6eaff25,2016-04-25 13:50:53,d6bcfdac70bf8b1a8004420f8ce9b7b30ced7159,False,
SECURITY-281,13e9967e38d3e4a3317e6566727554c86f10264b,2016-04-27 18:43:21,53dd9046c98681ee1a1431b8d30aaf982eba471b,False,
SECURITY-273,56be107feb24ab3470efae7603041bbbb9cdf7fb,2016-04-25 15:06:54,d6bcfdac70bf8b1a8004420f8ce9b7b30ced7159,False,
SECURITY-250,17edeb48291a3807b84142bb01f576b8eb2f50a2,2016-02-14 21:48:25,fb22305427dfaa69dbd68da7d01607d34bbdbb52,False,
SECURITY-232,1ec232ca1c80e924d70212313b852aec408aa37e,2016-02-03 17:40:36,fb22305427dfaa69dbd68da7d01607d34bbdbb52,False,
SECURITY-241,79e0b64322a6b15e0b80ac6511c9aa74383642be,2016-01-26 15:46:10,536c01bfca9bf9b2482bcfb23942567777fd653f,False,
SECURITY-238,f5c51fbad2b62b81dc1e0402aeee058a4a478046,2016-01-26 05:40:22,536c01bfca9bf9b2482bcfb23942567777fd653f,False,
SECURITY-245,559566b1ac62ebe966613933baf1714137daeb8c,2016-01-26 16:38:40,536c01bfca9bf9b2482bcfb23942567777fd653f,False,
SECURITY-234,11479a2cc0a322a6bcd7e65667f3d24aa4d444bb,2015-11-27 08:04:03,f7880ba04b97c924726e5350b1ee6bcefecb7e7e,False,
SECURITY-233,ef2c0dc163695af3a57ad7a45571293377ff679b,2015-11-19 11:42:14,a78b13e7d01b5c388f7e0cde723fbf369e25b216,False,
SECURITY-225,40a28999e221a209212c30586be9c39049510bd1,2015-11-15 15:07:06,a78b13e7d01b5c388f7e0cde723fbf369e25b216,False,
SECURITY-95,d3fb2c09f29007dce84a213ae8323df1105dcc30,2015-11-15 13:52:25,a78b13e7d01b5c388f7e0cde723fbf369e25b216,False,
SECURITY-206,054a329c59171ca12ff98f7063ce7fd053ee08bf,2015-11-04 17:40:20,574a0e7a0687d73261601f7e7fb43c4d844ecfef,False,
SECURITY-186,581eb9ceb354b8a55c010d0547ff73cb6fd67a75,2015-10-13 09:56:46,9fd9236392b4a8fcb229a5f10f0e7d7fe7a111dd,False,
SECURITY-200,b3f16489ad5f15c3e749ed066cf6b4251f6668c6,2015-09-29 16:44:21,f53802bb82a25b295b6dfa3bf2a591a6c8552183,False,
SECURITY-192,9e439d462c28fe1c96799c89709dc5d0cb8ab8fa,2015-09-21 06:46:29,f53802bb82a25b295b6dfa3bf2a591a6c8552183,False,
SECURITY-214,abe561499bbba2e725804c1117fc957028bbd608,2015-11-03 22:46:28,5192c9e3d6939ea67209e2ebe49519419ab3f596,False,
SECURITY-184,91515d31cedd4ff2f0fc72655014c6fe421f58a2,2015-10-07 04:43:48,9fd9236392b4a8fcb229a5f10f0e7d7fe7a111dd,False,
SECURITY-153,0594c4cbccd24d4883fc0150e8fc511c9da63eb4,2015-10-12 17:37:53,234303da82040b2bfe05a2b4bbe7662930fc4136,False,
SECURITY-195,1002ada4ddef9109b3d9775c911eea6d9c1330db,2015-09-10 09:46:52,f53802bb82a25b295b6dfa3bf2a591a6c8552183,False,
SECURITY-173,e78e9e8144f7304cf274cd4b756f458cf63a3556,2015-09-25 05:52:24,9fd9236392b4a8fcb229a5f10f0e7d7fe7a111dd,False,
SECURITY-169,f53802bb82a25b295b6dfa3bf2a591a6c8552183,2015-09-09 14:51:59,9fd9236392b4a8fcb229a5f10f0e7d7fe7a111dd,False,
SECURITY-180,c826a1b8276879c6e3de384b697d42eadfcdf127,2015-03-07 12:35:28,25411a0bed083242f2d73dfee4de7bb6e642251d,False,
SECURITY-177,1699e2c1f36a22d6a149e71c80937e9972ef6224,2015-03-07 13:22:24,25411a0bed083242f2d73dfee4de7bb6e642251d,False,
SECURITY-171,feb2703adb0c121705e5c8e9ddf8f663b6481cbd,2015-03-07 13:28:40,25411a0bed083242f2d73dfee4de7bb6e642251d,False,
SECURITY-167,d6e14b1eca6cb0ba406308a79f442196f1fd8b45,2015-02-03 08:52:46,889b46cc9146fda468023f3ada71070e240c13ac,False,
SECURITY-162,1bba1ac3c6e9ae96e605e3846b9c77e2baafdedd,2015-02-06 11:37:24,b237a41af40d8e2d3f7f47603d7196bcbbbb890b,False,
SECURITY-165,09c04e3b666ef0832201d4433326b35b4bf84991,2015-02-04 10:36:16,01a087d127d7a871eac02b03143464e2f4c6d48c,False,
SECURITY-166,01a087d127d7a871eac02b03143464e2f4c6d48c,2015-02-04 06:48:05,889b46cc9146fda468023f3ada71070e240c13ac,False,
SECURITY-125,a001f71ded7473a7a122073c2849ec7d119ae888,2015-02-05 15:44:47,5564a62eb6b3df8423f255768dea49c2e183ca02,False,
SECURITY-125,a001f71ded7473a7a122073c2849ec7d119ae888,2015-02-05 15:44:47,41786ad0195cc1221172f47f82b8662040557ea4,False,
SECURITY-163,f80faace935d7e900a8b54a40546a13f56cc44ad,2015-01-09 15:41:41,6b71faccb95285fb15a72703b2c2e4efdc905512,False,
SECURITY-163,f80faace935d7e900a8b54a40546a13f56cc44ad,2015-01-09 15:41:41,16afb73b254504d0f0f1246e34cce1fb5bd65c35,False,
SECURITY-150,be195b0e19343bff6d966029d8eea99b2c039c32,2014-10-01 11:21:06,28d997704f12349941b21c8215c2cede2135962e,False,
SECURITY-159,28d997704f12349941b21c8215c2cede2135962e,2014-09-27 18:51:47,5f1ff56d8c6999cfdba851a617cffc5766ac3ec7,False,
SECURITY-147,12acbefca63c6b7651b7c38407a31df1145eec15,2014-09-18 18:07:28,79ab57ec015dee55adf97759b96e49ec2d9048e3,False,
SECURITY-146,79ab57ec015dee55adf97759b96e49ec2d9048e3,2014-09-18 18:07:27,2c5666c600d2f589c6cc50c9a20cd5eb1d6481ef,False,
SECURITY-122,b119f865c22ea1509fa0759a62eec4dc36c21b82,2014-09-02 19:43:16,c93635b9e9326586778300e5cbc13c93252e960e,False,
SECURITY-128,db757116f157e397b33143e81f913dea39b2aff7,2014-09-02 17:05:42,67f23793fcd912ba344cf07c098c1e2f13b7851f,False,
SECURITY-127,54d44502bd6ec8df23bf8ef0413bdad650ef321e,2014-09-02 19:12:47,31df138d696a954b6279cd54c7cf825a78b0576c,False,
SECURITY-87,880e101b1a449355db6eb91f662aab9e5df75769,2014-08-29 20:13:30,9db1a1d1065fb1d7de23c88bfcc2901c74570d33,False,
SECURITY-120,79c905e6d0b03b075eef5339b73a6e8c55acd620,2014-08-29 21:41:44,b1803a9539ec773e91a9fd126a7ae3c17c98794b,False,
SECURITY-110,b1803a9539ec773e91a9fd126a7ae3c17c98794b,2014-08-29 21:02:02,880e101b1a449355db6eb91f662aab9e5df75769,False,
SECURITY-149,9db1a1d1065fb1d7de23c88bfcc2901c74570d33,2014-08-29 20:01:38,a6a7bec04b41e0d6913241e702e0b2195924eda7,False,
SECURITY-138,a6a7bec04b41e0d6913241e702e0b2195924eda7,2014-08-29 12:24:00,0f63c678ee49d7f75432ebc778ffdda49890c1d2,False,
SECURITY-143,0f63c678ee49d7f75432ebc778ffdda49890c1d2,2014-08-29 12:12:47,f0a29b562e14d837912c6b35fa4e81478563813a,False,
SECURITY-155,f0a29b562e14d837912c6b35fa4e81478563813a,2014-08-22 16:41:19,31e5d10be0ee2f17da346a3a7c174af963ca85ef,False,
SECURITY-131,71a28615e33fe42e3cc7a34ef86e31ed5d87bc74,2014-08-20 19:08:20,243a1ba3898b4e489c4c6a53dfb0c8a19798393d,False,
SECURITY-152,f939db47d34d479af56e95b5580c30b6d08c1d00,2014-08-06 17:40:06,68dd35a39780b8c1a912ef48548bb0ca90228b9d,False,
SECURITY-133,d4f6532d5a56527f961178d03d450d18145f1e30,2014-06-15 14:31:54,016f304c491958dac4163939b1655cf38231a1b2,False,
SECURITY-134,97c90ace15964143aa266da23c9c18de704bb3ad,2014-06-15 14:32:53,016f304c491958dac4163939b1655cf38231a1b2,False,
SECURITY-105,d030fbbaeeb5ee8980b5680b26217930834387f4,2014-02-12 09:56:21,7541e83cc9812afc2b464f0a3254a2453da53f4c,False,
SECURITY-76,535c1115bbf07f8a57d509f2d00598d6e21870d4,2014-02-11 14:09:58,8ac74c350779921598f9d5edfed39dd35de8842a,False,
SECURITY-109,b6b2a367a7976be80a799c6a49fa6c58d778b50e,2014-02-11 14:22:46,ad38d8480f20ce3cbf8fec3e2003bc83efda4f7d,False,
SECURITY-108,ad38d8480f20ce3cbf8fec3e2003bc83efda4f7d,2014-02-11 14:22:39,622e39f8b4c4764a0768bf58645767405ba9ccaa,False,
SECURITY-107,622e39f8b4c4764a0768bf58645767405ba9ccaa,2014-02-11 14:22:26,29351af4bd01f61715418916fc12c52be46bd9b0,False,
SECURITY-106,29351af4bd01f61715418916fc12c52be46bd9b0,2014-02-11 14:20:38,bf539198564a1108b7b71a973bf7de963a6213ef,False,
SECURITY-93,bf539198564a1108b7b71a973bf7de963a6213ef,2014-02-11 14:19:39,5548b5220cfd496831b5721124189ff18fbb12a3,False,
SECURITY-89,5548b5220cfd496831b5721124189ff18fbb12a3,2014-02-11 14:19:31,788b7d7a067fad4972fefaaa527141847bfeff55,False,
SECURITY-88,788b7d7a067fad4972fefaaa527141847bfeff55,2014-02-11 14:19:24,16931bd7bf7560e26ef98328b8e95e803d0e90f6,False,
SECURITY-80,16931bd7bf7560e26ef98328b8e95e803d0e90f6,2014-02-11 14:19:04,fbf96734470caba9364f04e0b77b0bae7293a1ec,False,
SECURITY-79,fbf96734470caba9364f04e0b77b0bae7293a1ec,2014-02-11 14:17:36,a0b00508eeb74d7033dc4100eb382df4e8fa72e7,False,
SECURITY-77,a0b00508eeb74d7033dc4100eb382df4e8fa72e7,2014-02-11 14:17:00,535c1115bbf07f8a57d509f2d00598d6e21870d4,False,
SECURITY-75,8ac74c350779921598f9d5edfed39dd35de8842a,2014-02-11 14:08:07,5d57c855f3147bfc5e7fda9252317b428a700014,False,
SECURITY-74,5d57c855f3147bfc5e7fda9252317b428a700014,2014-02-11 14:08:03,0530a6645aac10fec005614211660e98db44b5eb,False,
SECURITY-73,0530a6645aac10fec005614211660e98db44b5eb,2014-02-11 14:07:32,ac8e17b9ce7a835d0b049fd8329dde4daaa874d9,False,
SECURITY-71,f7e266efb611a323229028ecaa238dde43570cd5,2013-05-01 17:17:05,8063a27abbe3fbe28b11ef6f6a6af70f43f32e91,False,
SECURITY-69,8063a27abbe3fbe28b11ef6f6a6af70f43f32e91,2013-05-01 17:16:56,1e51b62298d37753f6b2d2f70eb179ab950d1456,False,
SECURITY-63,04403edc5863a848ee706e82995aba4675f55968,2013-05-01 17:16:40,d482fc50fb59e561b93a0e336680938ffac7fd22,False,
SECURITY-67,d482fc50fb59e561b93a0e336680938ffac7fd22,2013-05-01 17:16:37,7df0060b8d174c44231a4f0e32f057679eb88e49,False,
SECURITY-54,f4496df19e36465ae8d7cfebc6cde75f2888585b,2013-02-13 17:04:41,01a24e2cb1e885895c35fdf409c4305dcd877cd8,False,
SECURITY-49,a9aff088f327278a8873aef47fa8f80d3c5932fd,2013-01-05 12:26:05,31d2e03d478c7e30f8a5b05d8f3bd07b868d9525,False,
SECURITY-60,e52c7efa997534e31526d1ba0ae80ea560619fc9,2013-02-13 18:32:52,afaa76c499accd2cbd001141e697854641a9b53c,False,
SECURITY-55,36342d71e29e0620f803a7470ce96c61761648d8,2013-02-13 18:32:09,0de3e9b14ed75f70279435e78eb9f6a3a1a179df,False,
SECURITY-47,0de3e9b14ed75f70279435e78eb9f6a3a1a179df,2013-02-13 18:31:22,4c52ddfe14cd75b66f03eda9e0b2004e9d5735d7,False,
SECURITY-46,4c52ddfe14cd75b66f03eda9e0b2004e9d5735d7,2013-02-13 18:30:31,61921fbb71976434a70ab72f1856f3da45f7eecf,False,
SECURITY-16,61921fbb71976434a70ab72f1856f3da45f7eecf,2013-02-13 18:30:09,0271fdb8a21ea6747a8b9a381274b45e13ca944b,False,
SECURITY-13,0271fdb8a21ea6747a8b9a381274b45e13ca944b,2013-02-13 18:29:20,ad08359f53fbb589d7830031317d0d184c6dd330,False,
SECURITY-43,f9546d37f44da244bf1e6f25fa9153fbdd9c26f0,2012-11-17 15:02:56,68e84726ab9bc1c79fb9118f2c866b8a37421a73,False,
SECURITY-45,68e84726ab9bc1c79fb9118f2c866b8a37421a73,2012-11-17 15:02:49,2cb3e83849bdcbe074fb0444e4989594caf2f6e6,False,
SECURITY-44,2cb3e83849bdcbe074fb0444e4989594caf2f6e6,2012-11-17 15:01:55,894218d6a60d1da0cf3ecf81a47d4053c61ee6f3,False,
SECURITY-31,6cc90ddd34ce476bebeba200a93c24fc13d325a2,2012-04-25 13:09:01,0abc961dda3300f1320654f8e5fe36693804ce6f,False,
SECURITY-24,a296b00059aed51b19b02263bf3013399faee276,2012-03-01 21:12:38,74b6a5a0844809cebc78b7fa21e61f248edba5b8,False,
SECURITY-22,5ef902bb272880f47ecec4eeccd81907d9330d84,2012-01-05 02:58:55,b1bb3f66676b550971db08725d5c3cef5b42191b,False,
SECURITY-17,c0111367bb8cf3753f208605096473a017812c89,2011-11-02 01:37:30,08717c12fbcd0773dadb592dcafa78adf1401c33,False,
SECURITY-5,d4c9e40b9116e5bc23d46806626a4f187f974f48,2010-08-08 01:29:34,75cc09e966c1b0e216e1e5fe5bd5a28bbdf7d306,False,
SECURITY-3,66b9d9baaf6877be2bc14962aeb5c4bfb1c82ff5,2010-06-30 11:31:02,f756ddae483a7c8f7cdaa4619e82145a1c63a99b,False,
